--liquibase formatted sql
--changeset devops:007_seed_catalog_data runOnChange:true endDelimiter:;

INSERT INTO catalog_owner.meta_table (table_id, schema_name, table_name, label, table_type, time_key, is_cached, description) VALUES (1, 'analytics', 'fact_sales', 'Sales', 'fact', 'reporting_date', true, 'Fact table containing sales transactions, amounts, quantities, and associate keys.') ON CONFLICT DO NOTHING;
INSERT INTO catalog_owner.meta_table (table_id, schema_name, table_name, label, table_type, time_key, is_cached, description) VALUES (4, 'analytics', 'fact_investments', 'Investments', 'fact', 'reporting_date', true, 'Fact table recording investment portfolio valuations, buy/sell transactions, and asset allocations.') ON CONFLICT DO NOTHING;
INSERT INTO catalog_owner.meta_table (table_id, schema_name, table_name, label, table_type, time_key, is_cached, description) VALUES (13, 'analytics', 'dim_countries', 'Countries', 'dimension', NULL, true, 'Dimension table holding country master codes and ISO properties.') ON CONFLICT DO NOTHING;
INSERT INTO catalog_owner.meta_table (table_id, schema_name, table_name, label, table_type, time_key, is_cached, description) VALUES (10, 'analytics', 'dim_relationship_manager', 'Relationship Managers', 'dimension', NULL, true, 'Dimension table containing relationship manager profiles, ranks, and names.') ON CONFLICT DO NOTHING;
INSERT INTO catalog_owner.meta_table (table_id, schema_name, table_name, label, table_type, time_key, is_cached, description) VALUES (2, 'analytics', 'fact_banking_transactions', 'Banking Transactions', 'fact', 'reporting_date', true, 'Fact table logging banking ledger transactions, account movements, and types.') ON CONFLICT DO NOTHING;
INSERT INTO catalog_owner.meta_table (table_id, schema_name, table_name, label, table_type, time_key, is_cached, description) VALUES (3, 'analytics', 'fact_loans', 'Loans', 'fact', 'reporting_date', true, 'Fact table tracking loan portfolio balances, interest rates, and loan categories.') ON CONFLICT DO NOTHING;
INSERT INTO catalog_owner.meta_table (table_id, schema_name, table_name, label, table_type, time_key, is_cached, description) VALUES (5, 'analytics', 'fact_department_performance', 'Department Performance', 'fact', 'reporting_date', true, 'Fact table containing department budget vs cost data and performance targets.') ON CONFLICT DO NOTHING;
INSERT INTO catalog_owner.meta_table (table_id, schema_name, table_name, label, table_type, time_key, is_cached, description) VALUES (6, 'analytics', 'dim_customers', 'Customers', 'dimension', NULL, true, 'Dimension table holding customer profiles, segments, registration details, and geography.') ON CONFLICT DO NOTHING;
INSERT INTO catalog_owner.meta_table (table_id, schema_name, table_name, label, table_type, time_key, is_cached, description) VALUES (7, 'analytics', 'dim_accounts', 'Accounts', 'dimension', NULL, true, 'Dimension table listing bank account master data, statuses, and customer mappings.') ON CONFLICT DO NOTHING;
INSERT INTO catalog_owner.meta_table (table_id, schema_name, table_name, label, table_type, time_key, is_cached, description) VALUES (12, 'analytics', 'dim_date', 'Calendar', 'dimension', 'date_key', true, 'Dimension table containing fiscal and calendar date components, quarters, months, and years.') ON CONFLICT DO NOTHING;
INSERT INTO catalog_owner.meta_table (table_id, schema_name, table_name, label, table_type, time_key, is_cached, description) VALUES (11, 'analytics', 'dim_investment_hierarchy', 'Investment Hierarchies', 'dimension', NULL, true, 'Dimension table mapping investment structures, asset classes, and investment strategies.') ON CONFLICT DO NOTHING;
INSERT INTO catalog_owner.meta_table (table_id, schema_name, table_name, label, table_type, time_key, is_cached, description) VALUES (9, 'analytics', 'dim_location', 'Locations', 'dimension', NULL, true, 'Dimension table outlining geographical hierarchies, countries, regions, and cities.') ON CONFLICT DO NOTHING;
INSERT INTO catalog_owner.meta_table (table_id, schema_name, table_name, label, table_type, time_key, is_cached, description) VALUES (8, 'analytics', 'dim_products', 'Products', 'dimension', NULL, true, 'Dimension table storing product catalog information, categories, and codes.') ON CONFLICT DO NOTHING;

INSERT INTO catalog_owner.meta_column (column_id, table_id, column_name, label, data_type, is_primary_key, is_foreign_key, is_filterable, is_cached, is_visible, description) VALUES (2, 1, 'reporting_date', 'Reporting Date', 'date', false, true, false, false, true, 'Date when the sales transaction occurred.') ON CONFLICT DO NOTHING;
INSERT INTO catalog_owner.meta_column (column_id, table_id, column_name, label, data_type, is_primary_key, is_foreign_key, is_filterable, is_cached, is_visible, description) VALUES (3, 1, 'product_id', 'Product ID', 'integer', false, true, false, false, true, 'Foreign key referencing the dim_products table.') ON CONFLICT DO NOTHING;
INSERT INTO catalog_owner.meta_column (column_id, table_id, column_name, label, data_type, is_primary_key, is_foreign_key, is_filterable, is_cached, is_visible, description) VALUES (4, 1, 'customer_id', 'Customer ID', 'integer', false, true, false, false, true, 'Conformed foreign key referencing the dim_customers table.') ON CONFLICT DO NOTHING;
INSERT INTO catalog_owner.meta_column (column_id, table_id, column_name, label, data_type, is_primary_key, is_foreign_key, is_filterable, is_cached, is_visible, description) VALUES (5, 1, 'location_id', 'Location ID', 'integer', false, true, false, false, true, 'Conformed foreign key referencing the dim_location table.') ON CONFLICT DO NOTHING;
INSERT INTO catalog_owner.meta_column (column_id, table_id, column_name, label, data_type, is_primary_key, is_foreign_key, is_filterable, is_cached, is_visible, description) VALUES (6, 1, 'rm_id', 'Relationship Manager ID', 'integer', false, true, false, false, true, 'Conformed foreign key referencing the dim_relationship_manager table.') ON CONFLICT DO NOTHING;
INSERT INTO catalog_owner.meta_column (column_id, table_id, column_name, label, data_type, is_primary_key, is_foreign_key, is_filterable, is_cached, is_visible, description) VALUES (8, 2, 'reporting_date', 'Reporting Date', 'date', false, true, false, false, true, 'Date when the transaction was logged.') ON CONFLICT DO NOTHING;
INSERT INTO catalog_owner.meta_column (column_id, table_id, column_name, label, data_type, is_primary_key, is_foreign_key, is_filterable, is_cached, is_visible, description) VALUES (9, 2, 'account_id', 'Account ID', 'integer', false, true, false, false, true, 'Foreign key referencing the dim_accounts table.') ON CONFLICT DO NOTHING;
INSERT INTO catalog_owner.meta_column (column_id, table_id, column_name, label, data_type, is_primary_key, is_foreign_key, is_filterable, is_cached, is_visible, description) VALUES (10, 2, 'location_id', 'Location ID', 'integer', false, true, false, false, true, 'Conformed foreign key referencing the dim_location table.') ON CONFLICT DO NOTHING;
INSERT INTO catalog_owner.meta_column (column_id, table_id, column_name, label, data_type, is_primary_key, is_foreign_key, is_filterable, is_cached, is_visible, description) VALUES (11, 2, 'rm_id', 'Relationship Manager ID', 'integer', false, true, false, false, true, 'Conformed foreign key referencing the dim_relationship_manager table.') ON CONFLICT DO NOTHING;
INSERT INTO catalog_owner.meta_column (column_id, table_id, column_name, label, data_type, is_primary_key, is_foreign_key, is_filterable, is_cached, is_visible, description) VALUES (13, 3, 'customer_id', 'Customer ID', 'integer', false, true, false, false, true, 'Conformed foreign key referencing the dim_customers table.') ON CONFLICT DO NOTHING;
INSERT INTO catalog_owner.meta_column (column_id, table_id, column_name, label, data_type, is_primary_key, is_foreign_key, is_filterable, is_cached, is_visible, description) VALUES (14, 3, 'reporting_date', 'Reporting Date', 'date', false, true, false, false, true, 'Date defining the state of the loan.') ON CONFLICT DO NOTHING;
INSERT INTO catalog_owner.meta_column (column_id, table_id, column_name, label, data_type, is_primary_key, is_foreign_key, is_filterable, is_cached, is_visible, description) VALUES (15, 3, 'location_id', 'Location ID', 'integer', false, true, false, false, true, 'Conformed foreign key referencing the dim_location table.') ON CONFLICT DO NOTHING;
INSERT INTO catalog_owner.meta_column (column_id, table_id, column_name, label, data_type, is_primary_key, is_foreign_key, is_filterable, is_cached, is_visible, description) VALUES (16, 3, 'rm_id', 'Relationship Manager ID', 'integer', false, true, false, false, true, 'Conformed foreign key referencing the dim_relationship_manager table.') ON CONFLICT DO NOTHING;
INSERT INTO catalog_owner.meta_column (column_id, table_id, column_name, label, data_type, is_primary_key, is_foreign_key, is_filterable, is_cached, is_visible, description) VALUES (18, 4, 'customer_id', 'Customer ID', 'integer', false, true, false, false, true, 'Conformed foreign key referencing the dim_customers table.') ON CONFLICT DO NOTHING;
INSERT INTO catalog_owner.meta_column (column_id, table_id, column_name, label, data_type, is_primary_key, is_foreign_key, is_filterable, is_cached, is_visible, description) VALUES (19, 4, 'reporting_date', 'Reporting Date', 'date', false, true, false, false, true, 'Date of transaction or evaluation.') ON CONFLICT DO NOTHING;
INSERT INTO catalog_owner.meta_column (column_id, table_id, column_name, label, data_type, is_primary_key, is_foreign_key, is_filterable, is_cached, is_visible, description) VALUES (20, 4, 'hier_id', 'Hierarchy ID', 'integer', false, true, false, false, true, 'Foreign key referencing the dim_investment_hierarchy table.') ON CONFLICT DO NOTHING;
INSERT INTO catalog_owner.meta_column (column_id, table_id, column_name, label, data_type, is_primary_key, is_foreign_key, is_filterable, is_cached, is_visible, description) VALUES (21, 4, 'location_id', 'Location ID', 'integer', false, true, false, false, true, 'Conformed foreign key referencing the dim_location table.') ON CONFLICT DO NOTHING;
INSERT INTO catalog_owner.meta_column (column_id, table_id, column_name, label, data_type, is_primary_key, is_foreign_key, is_filterable, is_cached, is_visible, description) VALUES (22, 4, 'rm_id', 'Relationship Manager ID', 'integer', false, true, false, false, true, 'Conformed foreign key referencing the dim_relationship_manager table.') ON CONFLICT DO NOTHING;
INSERT INTO catalog_owner.meta_column (column_id, table_id, column_name, label, data_type, is_primary_key, is_foreign_key, is_filterable, is_cached, is_visible, description) VALUES (24, 5, 'reporting_date', 'Reporting Date', 'date', false, true, false, false, true, 'Date representing the reporting interval.') ON CONFLICT DO NOTHING;
INSERT INTO catalog_owner.meta_column (column_id, table_id, column_name, label, data_type, is_primary_key, is_foreign_key, is_filterable, is_cached, is_visible, description) VALUES (25, 5, 'location_id', 'Location ID', 'integer', false, true, false, false, true, 'Conformed foreign key referencing the dim_location table.') ON CONFLICT DO NOTHING;
INSERT INTO catalog_owner.meta_column (column_id, table_id, column_name, label, data_type, is_primary_key, is_foreign_key, is_filterable, is_cached, is_visible, description) VALUES (26, 5, 'rm_id', 'Relationship Manager ID', 'integer', false, true, false, false, true, 'Conformed foreign key referencing the dim_relationship_manager table.') ON CONFLICT DO NOTHING;
INSERT INTO catalog_owner.meta_column (column_id, table_id, column_name, label, data_type, is_primary_key, is_foreign_key, is_filterable, is_cached, is_visible, description) VALUES (30, 7, 'customer_id', 'Customer ID', 'integer', false, true, false, false, true, 'Foreign key mapping the account to its customer.') ON CONFLICT DO NOTHING;
INSERT INTO catalog_owner.meta_column (column_id, table_id, column_name, label, data_type, is_primary_key, is_foreign_key, is_filterable, is_cached, is_visible, description) VALUES (37, 13, 'iso_code', 'ISO Code', 'varchar', false, false, false, false, true, 'ISO 3166 standards code representation.') ON CONFLICT DO NOTHING;
INSERT INTO catalog_owner.meta_column (column_id, table_id, column_name, label, data_type, is_primary_key, is_foreign_key, is_filterable, is_cached, is_visible, description) VALUES (53, 2, 'transaction_type', 'Transaction Type', 'varchar', false, false, true, true, true, 'Filterable category representing transaction action types (e.g. Deposit, Withdrawal).') ON CONFLICT DO NOTHING;
INSERT INTO catalog_owner.meta_column (column_id, table_id, column_name, label, data_type, is_primary_key, is_foreign_key, is_filterable, is_cached, is_visible, description) VALUES (54, 3, 'loan_type', 'Loan Type', 'varchar', false, false, true, true, true, 'Filterable category of the loan (e.g. Mortgage, Auto, Commercial).') ON CONFLICT DO NOTHING;
INSERT INTO catalog_owner.meta_column (column_id, table_id, column_name, label, data_type, is_primary_key, is_foreign_key, is_filterable, is_cached, is_visible, description) VALUES (55, 5, 'department', 'Department', 'varchar', false, false, true, true, true, 'Filterable department name string.') ON CONFLICT DO NOTHING;
INSERT INTO catalog_owner.meta_column (column_id, table_id, column_name, label, data_type, is_primary_key, is_foreign_key, is_filterable, is_cached, is_visible, description) VALUES (28, 6, 'country_code', 'Country Code', 'varchar', false, false, true, true, true, 'ISO Country code of the customer location.') ON CONFLICT DO NOTHING;
INSERT INTO catalog_owner.meta_column (column_id, table_id, column_name, label, data_type, is_primary_key, is_foreign_key, is_filterable, is_cached, is_visible, description) VALUES (43, 6, 'segment', 'Customer Segment', 'varchar', false, false, true, true, true, 'Categorized market segment (e.g. Retail, Corporate).') ON CONFLICT DO NOTHING;
INSERT INTO catalog_owner.meta_column (column_id, table_id, column_name, label, data_type, is_primary_key, is_foreign_key, is_filterable, is_cached, is_visible, description) VALUES (47, 7, 'account_type', 'Account Type', 'varchar', false, false, true, true, true, 'Type of account (e.g. Savings, Checking).') ON CONFLICT DO NOTHING;
INSERT INTO catalog_owner.meta_column (column_id, table_id, column_name, label, data_type, is_primary_key, is_foreign_key, is_filterable, is_cached, is_visible, description) VALUES (48, 7, 'status', 'Account Status', 'varchar', false, false, true, true, true, 'Status of account (e.g. Active, Suspended).') ON CONFLICT DO NOTHING;
INSERT INTO catalog_owner.meta_column (column_id, table_id, column_name, label, data_type, is_primary_key, is_foreign_key, is_filterable, is_cached, is_visible, description) VALUES (52, 8, 'category', 'Category', 'varchar', false, false, true, true, true, 'Filterable category class name of product.') ON CONFLICT DO NOTHING;
INSERT INTO catalog_owner.meta_column (column_id, table_id, column_name, label, data_type, is_primary_key, is_foreign_key, is_filterable, is_cached, is_visible, description) VALUES (45, 9, 'country_name', 'Country', 'varchar', false, false, true, true, true, 'Filterable country name (e.g. United Kingdom, Romania).') ON CONFLICT DO NOTHING;
INSERT INTO catalog_owner.meta_column (column_id, table_id, column_name, label, data_type, is_primary_key, is_foreign_key, is_filterable, is_cached, is_visible, description) VALUES (46, 9, 'region', 'Region', 'varchar', false, false, true, true, true, 'Geographic region designation.') ON CONFLICT DO NOTHING;
INSERT INTO catalog_owner.meta_column (column_id, table_id, column_name, label, data_type, is_primary_key, is_foreign_key, is_filterable, is_cached, is_visible, description) VALUES (49, 11, 'asset_class', 'Asset Class', 'varchar', false, false, true, true, true, 'Investment Asset Class group (e.g. Fixed Income, Equity).') ON CONFLICT DO NOTHING;
INSERT INTO catalog_owner.meta_column (column_id, table_id, column_name, label, data_type, is_primary_key, is_foreign_key, is_filterable, is_cached, is_visible, description) VALUES (50, 11, 'product_type', 'Product Type', 'varchar', false, false, true, true, true, 'Financial instrument type.') ON CONFLICT DO NOTHING;
INSERT INTO catalog_owner.meta_column (column_id, table_id, column_name, label, data_type, is_primary_key, is_foreign_key, is_filterable, is_cached, is_visible, description) VALUES (51, 11, 'investment_strategy', 'Investment Strategy', 'varchar', false, false, true, true, true, 'Associated portfolio strategy (e.g. Growth, Value).') ON CONFLICT DO NOTHING;
INSERT INTO catalog_owner.meta_column (column_id, table_id, column_name, label, data_type, is_primary_key, is_foreign_key, is_filterable, is_cached, is_visible, description) VALUES (1, 1, 'id', 'ID', 'integer', true, false, false, false, false, 'Surrogate primary key of the sales fact record.') ON CONFLICT DO NOTHING;
INSERT INTO catalog_owner.meta_column (column_id, table_id, column_name, label, data_type, is_primary_key, is_foreign_key, is_filterable, is_cached, is_visible, description) VALUES (7, 2, 'id', 'ID', 'integer', true, false, false, false, false, 'Surrogate primary key of the banking transaction.') ON CONFLICT DO NOTHING;
INSERT INTO catalog_owner.meta_column (column_id, table_id, column_name, label, data_type, is_primary_key, is_foreign_key, is_filterable, is_cached, is_visible, description) VALUES (12, 3, 'id', 'ID', 'integer', true, false, false, false, false, 'Surrogate primary key of the loan portfolio entry.') ON CONFLICT DO NOTHING;
INSERT INTO catalog_owner.meta_column (column_id, table_id, column_name, label, data_type, is_primary_key, is_foreign_key, is_filterable, is_cached, is_visible, description) VALUES (17, 4, 'id', 'ID', 'integer', true, false, false, false, false, 'Surrogate primary key of the investment record.') ON CONFLICT DO NOTHING;
INSERT INTO catalog_owner.meta_column (column_id, table_id, column_name, label, data_type, is_primary_key, is_foreign_key, is_filterable, is_cached, is_visible, description) VALUES (23, 5, 'id', 'ID', 'integer', true, false, false, false, false, 'Surrogate primary key of the performance record.') ON CONFLICT DO NOTHING;
INSERT INTO catalog_owner.meta_column (column_id, table_id, column_name, label, data_type, is_primary_key, is_foreign_key, is_filterable, is_cached, is_visible, description) VALUES (27, 6, 'id', 'ID', 'integer', true, false, false, false, false, 'Customer identification primary key.') ON CONFLICT DO NOTHING;
INSERT INTO catalog_owner.meta_column (column_id, table_id, column_name, label, data_type, is_primary_key, is_foreign_key, is_filterable, is_cached, is_visible, description) VALUES (29, 7, 'id', 'ID', 'integer', true, false, false, false, false, 'Account identification primary key.') ON CONFLICT DO NOTHING;
INSERT INTO catalog_owner.meta_column (column_id, table_id, column_name, label, data_type, is_primary_key, is_foreign_key, is_filterable, is_cached, is_visible, description) VALUES (31, 8, 'id', 'ID', 'integer', true, false, false, false, false, 'Product identifier primary key.') ON CONFLICT DO NOTHING;
INSERT INTO catalog_owner.meta_column (column_id, table_id, column_name, label, data_type, is_primary_key, is_foreign_key, is_filterable, is_cached, is_visible, description) VALUES (32, 9, 'id', 'ID', 'integer', true, false, false, false, false, 'Geographic location identifier primary key.') ON CONFLICT DO NOTHING;
INSERT INTO catalog_owner.meta_column (column_id, table_id, column_name, label, data_type, is_primary_key, is_foreign_key, is_filterable, is_cached, is_visible, description) VALUES (33, 10, 'id', 'ID', 'integer', true, false, false, false, false, 'Relationship manager primary key ID.') ON CONFLICT DO NOTHING;
INSERT INTO catalog_owner.meta_column (column_id, table_id, column_name, label, data_type, is_primary_key, is_foreign_key, is_filterable, is_cached, is_visible, description) VALUES (34, 11, 'id', 'ID', 'integer', true, false, false, false, false, 'Asset hierarchy mapping surrogate primary key.') ON CONFLICT DO NOTHING;
INSERT INTO catalog_owner.meta_column (column_id, table_id, column_name, label, data_type, is_primary_key, is_foreign_key, is_filterable, is_cached, is_visible, description) VALUES (36, 13, 'id', 'ID', 'integer', true, false, false, false, false, 'Country master surrogate identifier key.') ON CONFLICT DO NOTHING;
INSERT INTO catalog_owner.meta_column (column_id, table_id, column_name, label, data_type, is_primary_key, is_foreign_key, is_filterable, is_cached, is_visible, description) VALUES (35, 12, 'date_key', 'Date', 'date', true, false, true, true, false, 'Calendar date key representation.') ON CONFLICT DO NOTHING;
INSERT INTO catalog_owner.meta_column (column_id, table_id, column_name, label, data_type, is_primary_key, is_foreign_key, is_filterable, is_cached, is_visible, description) VALUES (39, 12, 'year', 'Year', 'integer', false, false, true, true, true, 'Calendar year value.') ON CONFLICT DO NOTHING;
INSERT INTO catalog_owner.meta_column (column_id, table_id, column_name, label, data_type, is_primary_key, is_foreign_key, is_filterable, is_cached, is_visible, description) VALUES (40, 12, 'quarter', 'Quarter', 'integer', false, false, true, true, true, 'Fiscal quarter identifier (1-4).') ON CONFLICT DO NOTHING;
INSERT INTO catalog_owner.meta_column (column_id, table_id, column_name, label, data_type, is_primary_key, is_foreign_key, is_filterable, is_cached, is_visible, description) VALUES (41, 12, 'month', 'Month', 'integer', false, false, true, true, true, 'Calendar month number (1-12).') ON CONFLICT DO NOTHING;
INSERT INTO catalog_owner.meta_column (column_id, table_id, column_name, label, data_type, is_primary_key, is_foreign_key, is_filterable, is_cached, is_visible, description) VALUES (42, 12, 'month_name', 'Month Name', 'varchar', false, false, true, true, true, 'Full name of month (e.g. January, February).') ON CONFLICT DO NOTHING;

INSERT INTO catalog_owner.meta_relationship (relationship_id, from_table_id, from_column, to_table_id, to_column, join_type, is_conformed, weight, description) VALUES (1, 1, 'reporting_date', 12, 'date_key', 'LEFT', false, 2, 'Join from fact_sales to date dimension.') ON CONFLICT DO NOTHING;
INSERT INTO catalog_owner.meta_relationship (relationship_id, from_table_id, from_column, to_table_id, to_column, join_type, is_conformed, weight, description) VALUES (2, 1, 'product_id', 8, 'id', 'LEFT', false, 2, 'Join from fact_sales to products catalog.') ON CONFLICT DO NOTHING;
INSERT INTO catalog_owner.meta_relationship (relationship_id, from_table_id, from_column, to_table_id, to_column, join_type, is_conformed, weight, description) VALUES (3, 1, 'customer_id', 6, 'id', 'LEFT', true, 1, 'Join from fact_sales to customer profiles.') ON CONFLICT DO NOTHING;
INSERT INTO catalog_owner.meta_relationship (relationship_id, from_table_id, from_column, to_table_id, to_column, join_type, is_conformed, weight, description) VALUES (4, 1, 'location_id', 9, 'id', 'LEFT', true, 1, 'Join from fact_sales to geographic locations.') ON CONFLICT DO NOTHING;
INSERT INTO catalog_owner.meta_relationship (relationship_id, from_table_id, from_column, to_table_id, to_column, join_type, is_conformed, weight, description) VALUES (5, 1, 'rm_id', 10, 'id', 'LEFT', true, 1, 'Join from fact_sales to relationship managers.') ON CONFLICT DO NOTHING;
INSERT INTO catalog_owner.meta_relationship (relationship_id, from_table_id, from_column, to_table_id, to_column, join_type, is_conformed, weight, description) VALUES (6, 2, 'reporting_date', 12, 'date_key', 'LEFT', false, 2, 'Join from fact_banking_transactions to date dimension.') ON CONFLICT DO NOTHING;
INSERT INTO catalog_owner.meta_relationship (relationship_id, from_table_id, from_column, to_table_id, to_column, join_type, is_conformed, weight, description) VALUES (7, 2, 'account_id', 7, 'id', 'LEFT', false, 2, 'Join from fact_banking_transactions to account details.') ON CONFLICT DO NOTHING;
INSERT INTO catalog_owner.meta_relationship (relationship_id, from_table_id, from_column, to_table_id, to_column, join_type, is_conformed, weight, description) VALUES (8, 2, 'location_id', 9, 'id', 'LEFT', true, 1, 'Join from fact_banking_transactions to geographic locations.') ON CONFLICT DO NOTHING;
INSERT INTO catalog_owner.meta_relationship (relationship_id, from_table_id, from_column, to_table_id, to_column, join_type, is_conformed, weight, description) VALUES (9, 2, 'rm_id', 10, 'id', 'LEFT', true, 1, 'Join from fact_banking_transactions to relationship managers.') ON CONFLICT DO NOTHING;
INSERT INTO catalog_owner.meta_relationship (relationship_id, from_table_id, from_column, to_table_id, to_column, join_type, is_conformed, weight, description) VALUES (10, 7, 'customer_id', 6, 'id', 'LEFT', true, 1, 'Join linking accounts back to customer profiles.') ON CONFLICT DO NOTHING;
INSERT INTO catalog_owner.meta_relationship (relationship_id, from_table_id, from_column, to_table_id, to_column, join_type, is_conformed, weight, description) VALUES (11, 6, 'country_code', 13, 'iso_code', 'LEFT', false, 2, 'Join customers table to ISO country master codes.') ON CONFLICT DO NOTHING;
INSERT INTO catalog_owner.meta_relationship (relationship_id, from_table_id, from_column, to_table_id, to_column, join_type, is_conformed, weight, description) VALUES (12, 3, 'customer_id', 6, 'id', 'LEFT', true, 1, 'Join fact_loans to customer profiles.') ON CONFLICT DO NOTHING;
INSERT INTO catalog_owner.meta_relationship (relationship_id, from_table_id, from_column, to_table_id, to_column, join_type, is_conformed, weight, description) VALUES (13, 3, 'reporting_date', 12, 'date_key', 'LEFT', false, 2, 'Join fact_loans to date dimension.') ON CONFLICT DO NOTHING;
INSERT INTO catalog_owner.meta_relationship (relationship_id, from_table_id, from_column, to_table_id, to_column, join_type, is_conformed, weight, description) VALUES (14, 3, 'location_id', 9, 'id', 'LEFT', true, 1, 'Join fact_loans to geographic locations.') ON CONFLICT DO NOTHING;
INSERT INTO catalog_owner.meta_relationship (relationship_id, from_table_id, from_column, to_table_id, to_column, join_type, is_conformed, weight, description) VALUES (15, 3, 'rm_id', 10, 'id', 'LEFT', true, 1, 'Join fact_loans to relationship managers.') ON CONFLICT DO NOTHING;
INSERT INTO catalog_owner.meta_relationship (relationship_id, from_table_id, from_column, to_table_id, to_column, join_type, is_conformed, weight, description) VALUES (16, 4, 'customer_id', 6, 'id', 'LEFT', true, 1, 'Join fact_investments to customer profiles.') ON CONFLICT DO NOTHING;
INSERT INTO catalog_owner.meta_relationship (relationship_id, from_table_id, from_column, to_table_id, to_column, join_type, is_conformed, weight, description) VALUES (17, 4, 'reporting_date', 12, 'date_key', 'LEFT', false, 2, 'Join fact_investments to date dimension.') ON CONFLICT DO NOTHING;
INSERT INTO catalog_owner.meta_relationship (relationship_id, from_table_id, from_column, to_table_id, to_column, join_type, is_conformed, weight, description) VALUES (18, 4, 'hier_id', 11, 'id', 'LEFT', false, 2, 'Join fact_investments to asset hierarchy strategy.') ON CONFLICT DO NOTHING;
INSERT INTO catalog_owner.meta_relationship (relationship_id, from_table_id, from_column, to_table_id, to_column, join_type, is_conformed, weight, description) VALUES (19, 4, 'location_id', 9, 'id', 'LEFT', true, 1, 'Join fact_investments to geographic locations.') ON CONFLICT DO NOTHING;
INSERT INTO catalog_owner.meta_relationship (relationship_id, from_table_id, from_column, to_table_id, to_column, join_type, is_conformed, weight, description) VALUES (20, 4, 'rm_id', 10, 'id', 'LEFT', true, 1, 'Join fact_investments to relationship managers.') ON CONFLICT DO NOTHING;
INSERT INTO catalog_owner.meta_relationship (relationship_id, from_table_id, from_column, to_table_id, to_column, join_type, is_conformed, weight, description) VALUES (21, 5, 'reporting_date', 12, 'date_key', 'LEFT', false, 2, 'Join fact_department_performance to date dimension.') ON CONFLICT DO NOTHING;
INSERT INTO catalog_owner.meta_relationship (relationship_id, from_table_id, from_column, to_table_id, to_column, join_type, is_conformed, weight, description) VALUES (22, 5, 'location_id', 9, 'id', 'LEFT', true, 1, 'Join fact_department_performance to geographic locations.') ON CONFLICT DO NOTHING;
INSERT INTO catalog_owner.meta_relationship (relationship_id, from_table_id, from_column, to_table_id, to_column, join_type, is_conformed, weight, description) VALUES (23, 5, 'rm_id', 10, 'id', 'LEFT', true, 1, 'Join fact_department_performance to relationship managers.') ON CONFLICT DO NOTHING;

