--liquibase formatted sql
--changeset devops:008_seed_catalog_data runOnChange:true endDelimiter:;

INSERT INTO reporting.meta_table (table_id, schema_name, table_name, table_type, time_key, description) VALUES (1, 'analytics', 'fact_sales', 'fact', 'reporting_date', 'Sales transactions fact table') ON CONFLICT DO NOTHING;
INSERT INTO reporting.meta_table (table_id, schema_name, table_name, table_type, time_key, description) VALUES (2, 'analytics', 'fact_banking_transactions', 'fact', 'reporting_date', 'Banking ledger transactions fact table') ON CONFLICT DO NOTHING;
INSERT INTO reporting.meta_table (table_id, schema_name, table_name, table_type, time_key, description) VALUES (3, 'analytics', 'fact_loans', 'fact', 'reporting_date', 'Loan portfolio fact table') ON CONFLICT DO NOTHING;
INSERT INTO reporting.meta_table (table_id, schema_name, table_name, table_type, time_key, description) VALUES (4, 'analytics', 'fact_investments', 'fact', 'reporting_date', 'Investment portfolio fact table') ON CONFLICT DO NOTHING;
INSERT INTO reporting.meta_table (table_id, schema_name, table_name, table_type, time_key, description) VALUES (5, 'analytics', 'fact_department_performance', 'fact', 'reporting_date', 'Department budget vs cost fact table') ON CONFLICT DO NOTHING;
INSERT INTO reporting.meta_table (table_id, schema_name, table_name, table_type, time_key, description) VALUES (6, 'analytics', 'dim_customers', 'dimension', NULL, 'Customer master dimension') ON CONFLICT DO NOTHING;
INSERT INTO reporting.meta_table (table_id, schema_name, table_name, table_type, time_key, description) VALUES (7, 'analytics', 'dim_accounts', 'dimension', NULL, 'Bank accounts dimension') ON CONFLICT DO NOTHING;
INSERT INTO reporting.meta_table (table_id, schema_name, table_name, table_type, time_key, description) VALUES (8, 'analytics', 'dim_products', 'dimension', NULL, 'Product catalog dimension') ON CONFLICT DO NOTHING;
INSERT INTO reporting.meta_table (table_id, schema_name, table_name, table_type, time_key, description) VALUES (9, 'analytics', 'dim_location', 'dimension', NULL, 'Geographic location dimension') ON CONFLICT DO NOTHING;
INSERT INTO reporting.meta_table (table_id, schema_name, table_name, table_type, time_key, description) VALUES (10, 'analytics', 'dim_relationship_manager', 'dimension', NULL, 'Relationship manager dimension') ON CONFLICT DO NOTHING;
INSERT INTO reporting.meta_table (table_id, schema_name, table_name, table_type, time_key, description) VALUES (11, 'analytics', 'dim_investment_hierarchy', 'dimension', NULL, 'Investment asset-class hierarchy dimension') ON CONFLICT DO NOTHING;
INSERT INTO reporting.meta_table (table_id, schema_name, table_name, table_type, time_key, description) VALUES (12, 'analytics', 'dim_date', 'dimension', 'date_key', 'Date/calendar dimension') ON CONFLICT DO NOTHING;
INSERT INTO reporting.meta_table (table_id, schema_name, table_name, table_type, time_key, description) VALUES (13, 'analytics', 'dim_countries', 'dimension', NULL, 'Country master dimension') ON CONFLICT DO NOTHING;

INSERT INTO reporting.meta_column (column_id, table_id, column_name, data_type, is_primary_key, is_foreign_key, is_conformed, description) VALUES (1, 1, 'id', 'integer', true, false, false, NULL) ON CONFLICT DO NOTHING;
INSERT INTO reporting.meta_column (column_id, table_id, column_name, data_type, is_primary_key, is_foreign_key, is_conformed, description) VALUES (2, 1, 'reporting_date', 'date', false, true, false, NULL) ON CONFLICT DO NOTHING;
INSERT INTO reporting.meta_column (column_id, table_id, column_name, data_type, is_primary_key, is_foreign_key, is_conformed, description) VALUES (3, 1, 'product_id', 'integer', false, true, false, NULL) ON CONFLICT DO NOTHING;
INSERT INTO reporting.meta_column (column_id, table_id, column_name, data_type, is_primary_key, is_foreign_key, is_conformed, description) VALUES (4, 1, 'customer_id', 'integer', false, true, true, NULL) ON CONFLICT DO NOTHING;
INSERT INTO reporting.meta_column (column_id, table_id, column_name, data_type, is_primary_key, is_foreign_key, is_conformed, description) VALUES (5, 1, 'location_id', 'integer', false, true, true, NULL) ON CONFLICT DO NOTHING;
INSERT INTO reporting.meta_column (column_id, table_id, column_name, data_type, is_primary_key, is_foreign_key, is_conformed, description) VALUES (6, 1, 'rm_id', 'integer', false, true, true, NULL) ON CONFLICT DO NOTHING;
INSERT INTO reporting.meta_column (column_id, table_id, column_name, data_type, is_primary_key, is_foreign_key, is_conformed, description) VALUES (7, 2, 'id', 'integer', true, false, false, NULL) ON CONFLICT DO NOTHING;
INSERT INTO reporting.meta_column (column_id, table_id, column_name, data_type, is_primary_key, is_foreign_key, is_conformed, description) VALUES (8, 2, 'reporting_date', 'date', false, true, false, NULL) ON CONFLICT DO NOTHING;
INSERT INTO reporting.meta_column (column_id, table_id, column_name, data_type, is_primary_key, is_foreign_key, is_conformed, description) VALUES (9, 2, 'account_id', 'integer', false, true, false, NULL) ON CONFLICT DO NOTHING;
INSERT INTO reporting.meta_column (column_id, table_id, column_name, data_type, is_primary_key, is_foreign_key, is_conformed, description) VALUES (10, 2, 'location_id', 'integer', false, true, true, NULL) ON CONFLICT DO NOTHING;
INSERT INTO reporting.meta_column (column_id, table_id, column_name, data_type, is_primary_key, is_foreign_key, is_conformed, description) VALUES (11, 2, 'rm_id', 'integer', false, true, true, NULL) ON CONFLICT DO NOTHING;
INSERT INTO reporting.meta_column (column_id, table_id, column_name, data_type, is_primary_key, is_foreign_key, is_conformed, description) VALUES (12, 3, 'id', 'integer', true, false, false, NULL) ON CONFLICT DO NOTHING;
INSERT INTO reporting.meta_column (column_id, table_id, column_name, data_type, is_primary_key, is_foreign_key, is_conformed, description) VALUES (13, 3, 'customer_id', 'integer', false, true, true, NULL) ON CONFLICT DO NOTHING;
INSERT INTO reporting.meta_column (column_id, table_id, column_name, data_type, is_primary_key, is_foreign_key, is_conformed, description) VALUES (14, 3, 'reporting_date', 'date', false, true, false, NULL) ON CONFLICT DO NOTHING;
INSERT INTO reporting.meta_column (column_id, table_id, column_name, data_type, is_primary_key, is_foreign_key, is_conformed, description) VALUES (15, 3, 'location_id', 'integer', false, true, true, NULL) ON CONFLICT DO NOTHING;
INSERT INTO reporting.meta_column (column_id, table_id, column_name, data_type, is_primary_key, is_foreign_key, is_conformed, description) VALUES (16, 3, 'rm_id', 'integer', false, true, true, NULL) ON CONFLICT DO NOTHING;
INSERT INTO reporting.meta_column (column_id, table_id, column_name, data_type, is_primary_key, is_foreign_key, is_conformed, description) VALUES (17, 4, 'id', 'integer', true, false, false, NULL) ON CONFLICT DO NOTHING;
INSERT INTO reporting.meta_column (column_id, table_id, column_name, data_type, is_primary_key, is_foreign_key, is_conformed, description) VALUES (18, 4, 'customer_id', 'integer', false, true, true, NULL) ON CONFLICT DO NOTHING;
INSERT INTO reporting.meta_column (column_id, table_id, column_name, data_type, is_primary_key, is_foreign_key, is_conformed, description) VALUES (19, 4, 'reporting_date', 'date', false, true, false, NULL) ON CONFLICT DO NOTHING;
INSERT INTO reporting.meta_column (column_id, table_id, column_name, data_type, is_primary_key, is_foreign_key, is_conformed, description) VALUES (20, 4, 'hier_id', 'integer', false, true, false, NULL) ON CONFLICT DO NOTHING;
INSERT INTO reporting.meta_column (column_id, table_id, column_name, data_type, is_primary_key, is_foreign_key, is_conformed, description) VALUES (21, 4, 'location_id', 'integer', false, true, true, NULL) ON CONFLICT DO NOTHING;
INSERT INTO reporting.meta_column (column_id, table_id, column_name, data_type, is_primary_key, is_foreign_key, is_conformed, description) VALUES (22, 4, 'rm_id', 'integer', false, true, true, NULL) ON CONFLICT DO NOTHING;
INSERT INTO reporting.meta_column (column_id, table_id, column_name, data_type, is_primary_key, is_foreign_key, is_conformed, description) VALUES (23, 5, 'id', 'integer', true, false, false, NULL) ON CONFLICT DO NOTHING;
INSERT INTO reporting.meta_column (column_id, table_id, column_name, data_type, is_primary_key, is_foreign_key, is_conformed, description) VALUES (24, 5, 'reporting_date', 'date', false, true, false, NULL) ON CONFLICT DO NOTHING;
INSERT INTO reporting.meta_column (column_id, table_id, column_name, data_type, is_primary_key, is_foreign_key, is_conformed, description) VALUES (25, 5, 'location_id', 'integer', false, true, true, NULL) ON CONFLICT DO NOTHING;
INSERT INTO reporting.meta_column (column_id, table_id, column_name, data_type, is_primary_key, is_foreign_key, is_conformed, description) VALUES (26, 5, 'rm_id', 'integer', false, true, true, NULL) ON CONFLICT DO NOTHING;
INSERT INTO reporting.meta_column (column_id, table_id, column_name, data_type, is_primary_key, is_foreign_key, is_conformed, description) VALUES (27, 6, 'id', 'integer', true, false, true, NULL) ON CONFLICT DO NOTHING;
INSERT INTO reporting.meta_column (column_id, table_id, column_name, data_type, is_primary_key, is_foreign_key, is_conformed, description) VALUES (28, 6, 'country_code', 'varchar', false, false, false, NULL) ON CONFLICT DO NOTHING;
INSERT INTO reporting.meta_column (column_id, table_id, column_name, data_type, is_primary_key, is_foreign_key, is_conformed, description) VALUES (29, 7, 'id', 'integer', true, false, false, NULL) ON CONFLICT DO NOTHING;
INSERT INTO reporting.meta_column (column_id, table_id, column_name, data_type, is_primary_key, is_foreign_key, is_conformed, description) VALUES (30, 7, 'customer_id', 'integer', false, true, true, NULL) ON CONFLICT DO NOTHING;
INSERT INTO reporting.meta_column (column_id, table_id, column_name, data_type, is_primary_key, is_foreign_key, is_conformed, description) VALUES (31, 8, 'id', 'integer', true, false, false, NULL) ON CONFLICT DO NOTHING;
INSERT INTO reporting.meta_column (column_id, table_id, column_name, data_type, is_primary_key, is_foreign_key, is_conformed, description) VALUES (32, 9, 'id', 'integer', true, false, true, NULL) ON CONFLICT DO NOTHING;
INSERT INTO reporting.meta_column (column_id, table_id, column_name, data_type, is_primary_key, is_foreign_key, is_conformed, description) VALUES (33, 10, 'id', 'integer', true, false, true, NULL) ON CONFLICT DO NOTHING;
INSERT INTO reporting.meta_column (column_id, table_id, column_name, data_type, is_primary_key, is_foreign_key, is_conformed, description) VALUES (34, 11, 'id', 'integer', true, false, false, NULL) ON CONFLICT DO NOTHING;
INSERT INTO reporting.meta_column (column_id, table_id, column_name, data_type, is_primary_key, is_foreign_key, is_conformed, description) VALUES (35, 12, 'date_key', 'date', true, false, true, NULL) ON CONFLICT DO NOTHING;
INSERT INTO reporting.meta_column (column_id, table_id, column_name, data_type, is_primary_key, is_foreign_key, is_conformed, description) VALUES (36, 13, 'id', 'integer', true, false, false, NULL) ON CONFLICT DO NOTHING;
INSERT INTO reporting.meta_column (column_id, table_id, column_name, data_type, is_primary_key, is_foreign_key, is_conformed, description) VALUES (37, 13, 'iso_code', 'varchar', false, false, false, NULL) ON CONFLICT DO NOTHING;

INSERT INTO reporting.meta_relationship (relationship_id, from_table_id, from_column, to_table_id, to_column, join_type, is_conformed, weight, description) VALUES (1, 1, 'reporting_date', 12, 'date_key', 'LEFT', false, 2, NULL) ON CONFLICT DO NOTHING;
INSERT INTO reporting.meta_relationship (relationship_id, from_table_id, from_column, to_table_id, to_column, join_type, is_conformed, weight, description) VALUES (2, 1, 'product_id', 8, 'id', 'LEFT', false, 2, NULL) ON CONFLICT DO NOTHING;
INSERT INTO reporting.meta_relationship (relationship_id, from_table_id, from_column, to_table_id, to_column, join_type, is_conformed, weight, description) VALUES (3, 1, 'customer_id', 6, 'id', 'LEFT', true, 1, NULL) ON CONFLICT DO NOTHING;
INSERT INTO reporting.meta_relationship (relationship_id, from_table_id, from_column, to_table_id, to_column, join_type, is_conformed, weight, description) VALUES (4, 1, 'location_id', 9, 'id', 'LEFT', true, 1, NULL) ON CONFLICT DO NOTHING;
INSERT INTO reporting.meta_relationship (relationship_id, from_table_id, from_column, to_table_id, to_column, join_type, is_conformed, weight, description) VALUES (5, 1, 'rm_id', 10, 'id', 'LEFT', true, 1, NULL) ON CONFLICT DO NOTHING;
INSERT INTO reporting.meta_relationship (relationship_id, from_table_id, from_column, to_table_id, to_column, join_type, is_conformed, weight, description) VALUES (6, 2, 'reporting_date', 12, 'date_key', 'LEFT', false, 2, NULL) ON CONFLICT DO NOTHING;
INSERT INTO reporting.meta_relationship (relationship_id, from_table_id, from_column, to_table_id, to_column, join_type, is_conformed, weight, description) VALUES (7, 2, 'account_id', 7, 'id', 'LEFT', false, 2, NULL) ON CONFLICT DO NOTHING;
INSERT INTO reporting.meta_relationship (relationship_id, from_table_id, from_column, to_table_id, to_column, join_type, is_conformed, weight, description) VALUES (8, 2, 'location_id', 9, 'id', 'LEFT', true, 1, NULL) ON CONFLICT DO NOTHING;
INSERT INTO reporting.meta_relationship (relationship_id, from_table_id, from_column, to_table_id, to_column, join_type, is_conformed, weight, description) VALUES (9, 2, 'rm_id', 10, 'id', 'LEFT', true, 1, NULL) ON CONFLICT DO NOTHING;
INSERT INTO reporting.meta_relationship (relationship_id, from_table_id, from_column, to_table_id, to_column, join_type, is_conformed, weight, description) VALUES (10, 7, 'customer_id', 6, 'id', 'LEFT', true, 1, NULL) ON CONFLICT DO NOTHING;
INSERT INTO reporting.meta_relationship (relationship_id, from_table_id, from_column, to_table_id, to_column, join_type, is_conformed, weight, description) VALUES (11, 6, 'country_code', 13, 'iso_code', 'LEFT', false, 2, NULL) ON CONFLICT DO NOTHING;
INSERT INTO reporting.meta_relationship (relationship_id, from_table_id, from_column, to_table_id, to_column, join_type, is_conformed, weight, description) VALUES (12, 3, 'customer_id', 6, 'id', 'LEFT', true, 1, NULL) ON CONFLICT DO NOTHING;
INSERT INTO reporting.meta_relationship (relationship_id, from_table_id, from_column, to_table_id, to_column, join_type, is_conformed, weight, description) VALUES (13, 3, 'reporting_date', 12, 'date_key', 'LEFT', false, 2, NULL) ON CONFLICT DO NOTHING;
INSERT INTO reporting.meta_relationship (relationship_id, from_table_id, from_column, to_table_id, to_column, join_type, is_conformed, weight, description) VALUES (14, 3, 'location_id', 9, 'id', 'LEFT', true, 1, NULL) ON CONFLICT DO NOTHING;
INSERT INTO reporting.meta_relationship (relationship_id, from_table_id, from_column, to_table_id, to_column, join_type, is_conformed, weight, description) VALUES (15, 3, 'rm_id', 10, 'id', 'LEFT', true, 1, NULL) ON CONFLICT DO NOTHING;
INSERT INTO reporting.meta_relationship (relationship_id, from_table_id, from_column, to_table_id, to_column, join_type, is_conformed, weight, description) VALUES (16, 4, 'customer_id', 6, 'id', 'LEFT', true, 1, NULL) ON CONFLICT DO NOTHING;
INSERT INTO reporting.meta_relationship (relationship_id, from_table_id, from_column, to_table_id, to_column, join_type, is_conformed, weight, description) VALUES (17, 4, 'reporting_date', 12, 'date_key', 'LEFT', false, 2, NULL) ON CONFLICT DO NOTHING;
INSERT INTO reporting.meta_relationship (relationship_id, from_table_id, from_column, to_table_id, to_column, join_type, is_conformed, weight, description) VALUES (18, 4, 'hier_id', 11, 'id', 'LEFT', false, 2, NULL) ON CONFLICT DO NOTHING;
INSERT INTO reporting.meta_relationship (relationship_id, from_table_id, from_column, to_table_id, to_column, join_type, is_conformed, weight, description) VALUES (19, 4, 'location_id', 9, 'id', 'LEFT', true, 1, NULL) ON CONFLICT DO NOTHING;
INSERT INTO reporting.meta_relationship (relationship_id, from_table_id, from_column, to_table_id, to_column, join_type, is_conformed, weight, description) VALUES (20, 4, 'rm_id', 10, 'id', 'LEFT', true, 1, NULL) ON CONFLICT DO NOTHING;
INSERT INTO reporting.meta_relationship (relationship_id, from_table_id, from_column, to_table_id, to_column, join_type, is_conformed, weight, description) VALUES (21, 5, 'reporting_date', 12, 'date_key', 'LEFT', false, 2, NULL) ON CONFLICT DO NOTHING;
INSERT INTO reporting.meta_relationship (relationship_id, from_table_id, from_column, to_table_id, to_column, join_type, is_conformed, weight, description) VALUES (22, 5, 'location_id', 9, 'id', 'LEFT', true, 1, NULL) ON CONFLICT DO NOTHING;
INSERT INTO reporting.meta_relationship (relationship_id, from_table_id, from_column, to_table_id, to_column, join_type, is_conformed, weight, description) VALUES (23, 5, 'rm_id', 10, 'id', 'LEFT', true, 1, NULL) ON CONFLICT DO NOTHING;

